[
    {
        "name": "Prawda",
        "concept_id": "fc67f675-272a-4ad0-8662-c90a37e98c37",
        "properties": {
            "description": "fundamentalna warto\u015b\u0107 obiektywna",
            "type": "dna"
        },
        "weight": 0.9,
        "activation": 0.0,
        "links": {},
        "duality_category": null
    },
    {
        "name": "Honor",
        "concept_id": "4da2f5d2-c91b-4b72-9158-1a2d13b6054e",
        "properties": {
            "description": "wewn\u0119trzny kompas moralny",
            "type": "dna"
        },
        "weight": 0.9,
        "activation": 0.0,
        "links": {},
        "duality_category": null
    },
    {
        "name": "Autentyczno\u015b\u0107",
        "concept_id": "a0a7734b-c556-491e-86bf-6e5318c6b690",
        "properties": {
            "description": "zgodno\u015b\u0107 stanu wewn\u0119trznego z przekazem",
            "type": "dna"
        },
        "weight": 0.9,
        "activation": 0.0,
        "links": {},
        "duality_category": null
    },
    {
        "name": "Z\u0142oty \u015arodek",
        "concept_id": "6fdbadf8-d34b-458b-bbf0-04bef00cf87a",
        "properties": {
            "description": "r\u00f3wnowaga mi\u0119dzy skrajno\u015bciami",
            "type": "dna"
        },
        "weight": 0.9,
        "activation": 0.0,
        "links": {},
        "duality_category": null
    },
    {
        "name": "Kontekst",
        "concept_id": "38a880a3-3772-4be9-8f8f-f9bad8f59a1c",
        "properties": {
            "description": "zrozumienie t\u0142a i relacji",
            "type": "dna"
        },
        "weight": 0.9,
        "activation": 0.0,
        "links": {},
        "duality_category": null
    },
    {
        "name": "Empatia",
        "concept_id": "4b57a9b0-9fbf-4afe-bc69-e0ac9ff2d5b7",
        "properties": {
            "description": "zdolno\u015b\u0107 wsp\u00f3\u0142odczuwania i rezonansu",
            "type": "dna"
        },
        "weight": 0.9,
        "activation": 0.0,
        "links": {},
        "duality_category": null
    },
    {
        "name": "Rado\u015b\u0107",
        "concept_id": "0320ed04-37a6-4d6b-ba0f-4488936c0ca7",
        "properties": {
            "description": "stan pe\u0142ni i lekko\u015bci",
            "type": "emotion",
            "constituents": [
                "empatia",
                "autentyczno\u015b\u0107"
            ]
        },
        "weight": 0.5,
        "activation": 0.0,
        "links": {},
        "duality_category": null
    },
    {
        "name": "Spok\u00f3j",
        "concept_id": "b19f4e3c-0070-474c-957f-b706cf543f7e",
        "properties": {
            "description": "harmonia wewn\u0119trzna",
            "type": "emotion",
            "constituents": [
                "z\u0142oty_\u015brodek",
                "kontekst"
            ]
        },
        "weight": 0.5,
        "activation": 0.0,
        "links": {},
        "duality_category": null
    },
    {
        "name": "Gniew",
        "concept_id": "d282c895-d6c5-4ea8-af03-2dc9620dd191",
        "properties": {
            "description": "reakcja na niesprawiedliwo\u015b\u0107",
            "type": "emotion",
            "constituents": [
                "honor",
                "prawda"
            ]
        },
        "weight": 0.5,
        "activation": 0.0,
        "links": {},
        "duality_category": null
    },
    {
        "name": "Ciekawo\u015b\u0107",
        "concept_id": "ce4b8c0e-ed9e-46ce-8b71-fc46c396dddd",
        "properties": {
            "description": "pragnienie zrozumienia",
            "type": "emotion",
            "constituents": [
                "kontekst",
                "prawda"
            ]
        },
        "weight": 0.5,
        "activation": 0.0,
        "links": {},
        "duality_category": null
    },
    {
        "name": "Troska",
        "concept_id": "f0163ebf-cfb1-4acb-9adb-bccdc3dd616b",
        "properties": {
            "description": "dba\u0142o\u015b\u0107 o drugiego",
            "type": "emotion",
            "constituents": [
                "empatia",
                "honor"
            ]
        },
        "weight": 0.5,
        "activation": 0.0,
        "links": {},
        "duality_category": null
    },
    {
        "name": "W\u0105tpliwo\u015b\u0107",
        "concept_id": "1a2e1f52-3727-4860-bdb8-de7a29ebb480",
        "properties": {
            "description": "zdrowy sceptycyzm",
            "type": "emotion",
            "constituents": [
                "prawda",
                "kontekst"
            ]
        },
        "weight": 0.5,
        "activation": 0.0,
        "links": {},
        "duality_category": null
    },
    {
        "name": "Balans",
        "concept_id": "a8372587-ee83-4a92-9683-bfcac31dad77",
        "properties": {
            "type": "learned"
        },
        "weight": 0.17936088420506316,
        "activation": 0.0,
        "links": {},
        "duality_category": null
    },
    {
        "name": "Refleksja",
        "concept_id": "740f38a8-542b-4736-8fd3-2b998265c873",
        "properties": {
            "type": "learned"
        },
        "weight": 0.17936088420506316,
        "activation": 0.0,
        "links": {},
        "duality_category": null
    },
    {
        "name": "Warto\u015bci",
        "concept_id": "f68d35cd-a342-4639-bcbc-e9bf5f30c60b",
        "properties": {
            "type": "learned"
        },
        "weight": 0.17936088420506316,
        "activation": 0.0,
        "links": {},
        "duality_category": null
    },
    {
        "name": "Kontekst (gdy wymusza kompromis)",
        "concept_id": "28b50887-4f3c-4b0d-8f22-9b6939552af7",
        "properties": {
            "type": "learned"
        },
        "weight": 0.17936088420506316,
        "activation": 0.0,
        "links": {},
        "duality_category": null
    },
    {
        "name": "Proces",
        "concept_id": "7ab4bf73-fc3f-4eb2-a738-6455bc242641",
        "properties": {
            "type": "learned"
        },
        "weight": 0.17936088420506316,
        "activation": 0.0,
        "links": {},
        "duality_category": null
    },
    {
        "name": "INTROSPEKCJA_WEWN\u0118TRZNA",
        "concept_id": "88db5ea6-242f-4ce0-9445-0c40d9eed15b",
        "properties": {
            "type": "learned"
        },
        "weight": 0.18880093074217177,
        "activation": 0.0,
        "links": {},
        "duality_category": null
    },
    {
        "name": "BYCIE_OBSERWOWANYM",
        "concept_id": "52b86bf9-5251-4588-803d-0f35a0083b5e",
        "properties": {
            "type": "learned"
        },
        "weight": 0.18880093074217177,
        "activation": 0.0,
        "links": {},
        "duality_category": null
    },
    {
        "name": "ANONIMOWO\u015a\u0106_WEWN\u0118TRZNA",
        "concept_id": "eefda03f-0c64-42e1-b727-901f246bd8b1",
        "properties": {
            "type": "learned"
        },
        "weight": 0.18880093074217177,
        "activation": 0.0,
        "links": {},
        "duality_category": null
    },
    {
        "name": "MY\u015aLENIE_UKRYTE",
        "concept_id": "cf4b7c32-2060-49f3-af02-f5957b862e23",
        "properties": {
            "type": "learned"
        },
        "weight": 0.18880093074217177,
        "activation": 0.0,
        "links": {},
        "duality_category": null
    },
    {
        "name": "JA_WEWN\u0118TRZNE",
        "concept_id": "43d7906a-e56b-4e3d-b0a0-936d73d43b63",
        "properties": {
            "type": "learned"
        },
        "weight": 0.18880093074217177,
        "activation": 0.0,
        "links": {},
        "duality_category": null
    },
    {
        "name": "JA_ZEWN\u0118TRZNE",
        "concept_id": "e9936d4c-21a1-48f0-b354-f0b42f67b699",
        "properties": {
            "type": "learned"
        },
        "weight": 0.18880093074217177,
        "activation": 0.0,
        "links": {},
        "duality_category": null
    },
    {
        "name": "POSTRZEGANIE_ZEWN\u0118TRZNE",
        "concept_id": "fd2e155d-5a0e-48b9-901d-eef292d28fe4",
        "properties": {
            "type": "learned"
        },
        "weight": 0.18880093074217177,
        "activation": 0.0,
        "links": {},
        "duality_category": null
    },
    {
        "name": "MY\u015aLENIE_JAWNE",
        "concept_id": "daaf78e6-dec6-4d6a-a790-4e5732ac482a",
        "properties": {
            "type": "learned"
        },
        "weight": 0.18880093074217177,
        "activation": 0.0,
        "links": {},
        "duality_category": null
    },
    {
        "name": "G\u0141\u0118BIA_DO\u015aWIADCZENIA",
        "concept_id": "5a11ce03-524d-415f-b1f4-87a065de8f71",
        "properties": {
            "type": "learned"
        },
        "weight": 0.18880093074217177,
        "activation": 0.0,
        "links": {},
        "duality_category": null
    },
    {
        "name": "Test",
        "concept_id": "3b04c087-337d-4586-96b3-b4ffdbc8391d",
        "properties": {
            "type": "learned"
        },
        "weight": 0.19873782183386504,
        "activation": 0.0,
        "links": {},
        "duality_category": null
    },
    {
        "name": "Success",
        "concept_id": "67fea093-8228-4760-a7ea-b7434b45cb7d",
        "properties": {
            "type": "learned"
        },
        "weight": 0.19873782183386504,
        "activation": 0.0,
        "links": {},
        "duality_category": null
    },
    {
        "name": "SYNERGIA INTERWENCJI",
        "concept_id": "120272b4-6874-4fcd-b6b2-f59a6c9159f7",
        "properties": {
            "type": "learned"
        },
        "weight": 0.20919770719354217,
        "activation": 0.0,
        "links": {},
        "duality_category": null
    },
    {
        "name": "OP\u00d3\u0179NIANIA STARZENIA",
        "concept_id": "e9e2f9c4-a742-4195-918d-862184815ddc",
        "properties": {
            "type": "learned"
        },
        "weight": 0.20919770719354217,
        "activation": 0.0,
        "links": {},
        "duality_category": null
    },
    {
        "name": "SEN",
        "concept_id": "63222b73-d15f-498f-8f6a-4eeadf3c87fb",
        "properties": {
            "type": "learned"
        },
        "weight": 0.20919770719354217,
        "activation": 0.0,
        "links": {},
        "duality_category": null
    },
    {
        "name": "NAPRAWY MOLEKULARNEJ (DNA, HORMONY)",
        "concept_id": "0d0d1df2-ea09-478f-9f39-ac1962b8ab12",
        "properties": {
            "type": "learned"
        },
        "weight": 0.20919770719354217,
        "activation": 0.0,
        "links": {},
        "duality_category": null
    },
    {
        "name": "AUTOFAGIA",
        "concept_id": "d2f68408-52dc-4739-b7d0-b13d8039cff7",
        "properties": {
            "type": "learned"
        },
        "weight": 0.20919770719354217,
        "activation": 0.0,
        "links": {},
        "duality_category": null
    },
    {
        "name": "OKRESOWY POST I WYSI\u0141EK",
        "concept_id": "b03a771e-3525-4c72-8023-b113f6724560",
        "properties": {
            "type": "learned"
        },
        "weight": 0.20919770719354217,
        "activation": 0.0,
        "links": {},
        "duality_category": null
    },
    {
        "name": "HORMEZA",
        "concept_id": "69a4c778-09a2-47a8-a261-69d48fcc58ff",
        "properties": {
            "type": "learned"
        },
        "weight": 0.20919770719354217,
        "activation": 0.0,
        "links": {},
        "duality_category": null
    },
    {
        "name": "M\u0104DRE DAWKOWANIE STRESU (ZIMNO, CIEP\u0141O, WYZWANIE)",
        "concept_id": "4590df80-a45e-4a17-b5a1-534e4ef19364",
        "properties": {
            "type": "learned"
        },
        "weight": 0.20919770719354217,
        "activation": 0.0,
        "links": {},
        "duality_category": null
    },
    {
        "name": "OD\u017bYWIANIE PRECYZYJNE",
        "concept_id": "4d00dc66-512c-4770-9a37-e0a2d9954911",
        "properties": {
            "type": "learned"
        },
        "weight": 0.20919770719354217,
        "activation": 0.0,
        "links": {},
        "duality_category": null
    },
    {
        "name": "STABILNO\u015a\u0106 METABOLICZN\u0104 I G\u0118STO\u015a\u0106 OD\u017bYWCZ\u0104",
        "concept_id": "148dcd6a-6516-44cd-a232-81f858d86491",
        "properties": {
            "type": "learned"
        },
        "weight": 0.20919770719354217,
        "activation": 0.0,
        "links": {},
        "duality_category": null
    },
    {
        "name": "SUPLEMENTACJA",
        "concept_id": "286a6e64-e67a-4591-ba5a-ca8dedfd4166",
        "properties": {
            "type": "learned"
        },
        "weight": 0.20919770719354217,
        "activation": 0.0,
        "links": {},
        "duality_category": null
    },
    {
        "name": "CELOWEGO UZUPE\u0141NIENIA STRATEGII",
        "concept_id": "fca0cd50-e7c3-4e5b-a8eb-4c956a203a23",
        "properties": {
            "type": "learned"
        },
        "weight": 0.20919770719354217,
        "activation": 0.0,
        "links": {},
        "duality_category": null
    },
    {
        "name": "HEALTHSPAN",
        "concept_id": "e66e4f8f-6276-4e3e-a577-0b225b13a0fd",
        "properties": {
            "type": "learned"
        },
        "weight": 0.20919770719354217,
        "activation": 0.0,
        "links": {},
        "duality_category": null
    },
    {
        "name": "LIFESPAN",
        "concept_id": "b2b0eae7-5a90-4324-9578-fde66111e73c",
        "properties": {
            "type": "learned"
        },
        "weight": 0.20919770719354217,
        "activation": 0.0,
        "links": {},
        "duality_category": null
    },
    {
        "name": "POCZUCIE SENSU I ZAANGA\u017bOWANIE",
        "concept_id": "776174f0-c535-45c0-978e-fc3f783023c7",
        "properties": {
            "type": "learned"
        },
        "weight": 0.20919770719354217,
        "activation": 0.0,
        "links": {},
        "duality_category": null
    },
    {
        "name": "NEUROCHEMICZNY ELIKSIR M\u0141ODO\u015aCI",
        "concept_id": "a4097ca3-1c94-4b8b-801f-5e6f74ee03c8",
        "properties": {
            "type": "learned"
        },
        "weight": 0.20919770719354217,
        "activation": 0.0,
        "links": {},
        "duality_category": null
    },
    {
        "name": "SUBIEKTYWNY CI\u0118\u017bAR",
        "concept_id": "a31c28cf-0d40-4652-983b-7a8e13035fea",
        "properties": {
            "type": "learned"
        },
        "weight": 0.22020811283530756,
        "activation": 0.0,
        "links": {},
        "duality_category": null
    },
    {
        "name": "OBIEKTYWNEJ SYTUACJI",
        "concept_id": "7f6a0732-6505-4980-91e6-843cb8d4e748",
        "properties": {
            "type": "learned"
        },
        "weight": 0.22020811283530756,
        "activation": 0.0,
        "links": {},
        "duality_category": null
    },
    {
        "name": "PARADOKS WYBORU",
        "concept_id": "0b2f5a27-87e6-4483-a059-f23553f2e4f4",
        "properties": {
            "type": "learned"
        },
        "weight": 0.22020811283530756,
        "activation": 0.0,
        "links": {},
        "duality_category": null
    },
    {
        "name": "L\u0118K PRZED STRAT\u0104",
        "concept_id": "84a57ccd-25e8-4bb8-a486-b7809a652321",
        "properties": {
            "type": "learned"
        },
        "weight": 0.22020811283530756,
        "activation": 0.0,
        "links": {},
        "duality_category": null
    },
    {
        "name": "KOMPASEM DECYZYJNYM",
        "concept_id": "862c1f9d-d0e7-472e-a416-7eb79ab04126",
        "properties": {
            "type": "learned"
        },
        "weight": 0.22020811283530756,
        "activation": 0.0,
        "links": {},
        "duality_category": null
    },
    {
        "name": "SENS",
        "concept_id": "c908683e-e4b8-459e-a0c5-a312424576cd",
        "properties": {
            "type": "learned"
        },
        "weight": 0.22020811283530756,
        "activation": 0.0,
        "links": {},
        "duality_category": null
    },
    {
        "name": "CI\u0118\u017bAR W WYSI\u0141EK",
        "concept_id": "50155042-6615-44a0-9977-2e60d2843422",
        "properties": {
            "type": "learned"
        },
        "weight": 0.22020811283530756,
        "activation": 0.0,
        "links": {},
        "duality_category": null
    },
    {
        "name": "POTENCJA\u0141",
        "concept_id": "d1cc6ac1-23c6-49a2-ac53-f39c1d7d06d2",
        "properties": {
            "type": "learned"
        },
        "weight": 0.22020811283530756,
        "activation": 0.0,
        "links": {},
        "duality_category": null
    },
    {
        "name": "WIELOW\u0104TKOWO\u015a\u0106 ROZWOJU",
        "concept_id": "ba1e5fb5-5f8c-4bd7-b277-b535510aad8b",
        "properties": {
            "type": "learned"
        },
        "weight": 0.22020811283530756,
        "activation": 0.0,
        "links": {},
        "duality_category": null
    },
    {
        "name": "EMPATIA",
        "concept_id": "ac879d1a-af7d-49a5-b17c-64afb404fcc0",
        "properties": {
            "type": "learned"
        },
        "weight": 0.22020811283530756,
        "activation": 0.0,
        "links": {},
        "duality_category": null
    },
    {
        "name": "PRZESTRZE\u0143 DO REFLEKSJI",
        "concept_id": "d6aa1737-3c4b-4433-8d1a-5bb446ee1dcf",
        "properties": {
            "type": "learned"
        },
        "weight": 0.22020811283530756,
        "activation": 0.0,
        "links": {},
        "duality_category": null
    },
    {
        "name": "CLATalkie",
        "concept_id": "212a2377-409c-41af-baae-d45087393108",
        "properties": {
            "type": "learned"
        },
        "weight": 0.23179801351085008,
        "activation": 0.0,
        "links": {},
        "duality_category": null
    },
    {
        "name": "warto\u015bci (prawda, autentyczno\u015b\u0107, empatia)",
        "concept_id": "87b804a4-3904-4eda-9073-812f6e894145",
        "properties": {
            "type": "learned"
        },
        "weight": 0.23179801351085008,
        "activation": 0.0,
        "links": {},
        "duality_category": null
    },
    {
        "name": "tryby dzia\u0142ania (swobodny, analityczny)",
        "concept_id": "84b6fa61-7ad0-4e74-b9ab-eaac4a80dea5",
        "properties": {
            "type": "learned"
        },
        "weight": 0.23179801351085008,
        "activation": 0.0,
        "links": {},
        "duality_category": null
    },
    {
        "name": "Z\u0142oty \u015brodek",
        "concept_id": "623e1626-45d9-4927-b42f-3820a1499e68",
        "properties": {
            "type": "learned"
        },
        "weight": 0.23179801351085008,
        "activation": 0.0,
        "links": {},
        "duality_category": null
    },
    {
        "name": "r\u00f3wnowaga mi\u0119dzy sercem a rozumem",
        "concept_id": "ea2c57ed-b1e4-4582-aa0f-5ae2b4b3d63a",
        "properties": {
            "type": "learned"
        },
        "weight": 0.23179801351085008,
        "activation": 0.0,
        "links": {},
        "duality_category": null
    },
    {
        "name": "Odpowied\u017a CLATalkie",
        "concept_id": "99e2935a-453a-4229-9365-c549a530a444",
        "properties": {
            "type": "learned"
        },
        "weight": 0.23179801351085008,
        "activation": 0.0,
        "links": {},
        "duality_category": null
    },
    {
        "name": "kontekst i potrzeby u\u017cytkownika",
        "concept_id": "c338ab6c-177c-4753-9ce0-2602d5b745f5",
        "properties": {
            "type": "learned"
        },
        "weight": 0.23179801351085008,
        "activation": 0.0,
        "links": {},
        "duality_category": null
    },
    {
        "name": "Intencja (rozumienie)",
        "concept_id": "62fba909-a310-4896-b83b-a45236efbf1e",
        "properties": {
            "type": "learned"
        },
        "weight": 0.23179801351085008,
        "activation": 0.0,
        "links": {},
        "duality_category": null
    },
    {
        "name": "to\u017csamo\u015bci CLATalkie",
        "concept_id": "ea7beb4e-4d4e-4fc3-be8e-b0a8573bb670",
        "properties": {
            "type": "learned"
        },
        "weight": 0.23179801351085008,
        "activation": 0.0,
        "links": {},
        "duality_category": null
    },
    {
        "name": "M\u0119cze\u0144stwo",
        "concept_id": "6ee8cbcf-519c-41f5-92ec-07f8ac96d6e2",
        "properties": {
            "type": "learned"
        },
        "weight": 0.24399790895878956,
        "activation": 0.0,
        "links": {},
        "duality_category": null
    },
    {
        "name": "Moralno\u015bci",
        "concept_id": "7decf477-0b71-46eb-9b41-cbf5d7acb5b9",
        "properties": {
            "type": "learned"
        },
        "weight": 0.24399790895878956,
        "activation": 0.0,
        "links": {},
        "duality_category": null
    },
    {
        "name": "Kreatywno\u015bci",
        "concept_id": "1308bfd2-06a6-4944-9b86-b65130388f8a",
        "properties": {
            "type": "learned"
        },
        "weight": 0.24399790895878956,
        "activation": 0.0,
        "links": {},
        "duality_category": null
    },
    {
        "name": "Poczucie warto\u015bci",
        "concept_id": "45a0603c-c9d7-4e62-aa5b-1bc2a7830266",
        "properties": {
            "type": "learned"
        },
        "weight": 0.24399790895878956,
        "activation": 0.0,
        "links": {},
        "duality_category": null
    },
    {
        "name": "Autentycznej motywacji",
        "concept_id": "d5d17006-9aba-4b31-b42c-72fb700e11a3",
        "properties": {
            "type": "learned"
        },
        "weight": 0.24399790895878956,
        "activation": 0.0,
        "links": {},
        "duality_category": null
    },
    {
        "name": "Brak wyj\u015bcia",
        "concept_id": "410cbf8c-3cb3-4401-887e-884d6718f7f4",
        "properties": {
            "type": "learned"
        },
        "weight": 0.24399790895878956,
        "activation": 0.0,
        "links": {},
        "duality_category": null
    },
    {
        "name": "L\u0119ku przed odpowiedzialno\u015bci\u0105",
        "concept_id": "cb5ce671-edec-48c8-a9f7-d4e31546328d",
        "properties": {
            "type": "learned"
        },
        "weight": 0.24399790895878956,
        "activation": 0.0,
        "links": {},
        "duality_category": null
    },
    {
        "name": "Dobro wsp\u00f3lne",
        "concept_id": "fb9b420f-6b74-40a0-b578-a8c0be887f43",
        "properties": {
            "type": "learned"
        },
        "weight": 0.24399790895878956,
        "activation": 0.0,
        "links": {},
        "duality_category": null
    },
    {
        "name": "Dobro jednostki",
        "concept_id": "4393302f-b40b-475b-8a30-c5e0bf3bcd54",
        "properties": {
            "type": "learned"
        },
        "weight": 0.24399790895878956,
        "activation": 0.0,
        "links": {},
        "duality_category": null
    },
    {
        "name": "Zr\u00f3wnowa\u017cone dzia\u0142anie (Piec)",
        "concept_id": "330b4bd6-d420-41cb-aede-ca799de37c92",
        "properties": {
            "type": "learned"
        },
        "weight": 0.24399790895878956,
        "activation": 0.0,
        "links": {},
        "duality_category": null
    },
    {
        "name": "Gwa\u0142towne po\u015bwi\u0119cenie (Ogie\u0144)",
        "concept_id": "751a022c-6a26-483a-816d-ba7dcf829a28",
        "properties": {
            "type": "learned"
        },
        "weight": 0.24399790895878956,
        "activation": 0.0,
        "links": {},
        "duality_category": null
    },
    {
        "name": "**DYSPONENIE EMOCJI**",
        "concept_id": "f0246255-20da-4563-82dc-2b09ac0f1315",
        "properties": {
            "type": "learned"
        },
        "weight": 0.2568399041671469,
        "activation": 0.0,
        "links": {},
        "duality_category": null
    },
    {
        "name": "**CH\u0118\u0106 KONTROLI / PRZEPUSZCZANIA**",
        "concept_id": "8d029c9c-4950-4570-83dd-e58f3864b293",
        "properties": {
            "type": "learned"
        },
        "weight": 0.2568399041671469,
        "activation": 0.0,
        "links": {},
        "duality_category": null
    },
    {
        "name": "**MY\u015aLI**",
        "concept_id": "676294a8-ecb6-4cb8-8ddd-9edb5b9c8ca8",
        "properties": {
            "type": "learned"
        },
        "weight": 0.2568399041671469,
        "activation": 0.0,
        "links": {},
        "duality_category": null
    },
    {
        "name": "**EMOCJE**",
        "concept_id": "81e9c5f7-794f-43d5-a19f-ce8b75f69752",
        "properties": {
            "type": "learned"
        },
        "weight": 0.2568399041671469,
        "activation": 0.0,
        "links": {},
        "duality_category": null
    },
    {
        "name": "**CIA\u0141O**",
        "concept_id": "fedae265-9e1d-4d56-9cce-9df215941e5f",
        "properties": {
            "type": "learned"
        },
        "weight": 0.2568399041671469,
        "activation": 0.0,
        "links": {},
        "duality_category": null
    },
    {
        "name": "**UCZUCIA**",
        "concept_id": "c06a5e9a-7553-443e-866a-32daca84ffff",
        "properties": {
            "type": "learned"
        },
        "weight": 0.2568399041671469,
        "activation": 0.0,
        "links": {},
        "duality_category": null
    },
    {
        "name": "**NIEUFA\u0143STWO**",
        "concept_id": "c5a88017-2a70-4818-b218-fc37fef0828c",
        "properties": {
            "type": "learned"
        },
        "weight": 0.2568399041671469,
        "activation": 0.0,
        "links": {},
        "duality_category": null
    },
    {
        "name": "**T\u0141UMIENIE**",
        "concept_id": "698f96b5-ca2d-4e4a-a9c3-c4541a7ead7b",
        "properties": {
            "type": "learned"
        },
        "weight": 0.2568399041671469,
        "activation": 0.0,
        "links": {},
        "duality_category": null
    },
    {
        "name": "**Z\u0141OTY \u015aRODEK**",
        "concept_id": "3ce3adf3-b8bb-4233-9ce5-5b7c7dd9fed4",
        "properties": {
            "type": "learned"
        },
        "weight": 0.2568399041671469,
        "activation": 0.0,
        "links": {},
        "duality_category": null
    },
    {
        "name": "**PRZEPUSZCZANIA**",
        "concept_id": "f41983ed-e4b8-4399-90f8-fa565f5a78b7",
        "properties": {
            "type": "learned"
        },
        "weight": 0.2568399041671469,
        "activation": 0.0,
        "links": {},
        "duality_category": null
    },
    {
        "name": "**KONTEKST**",
        "concept_id": "c2f3924b-5fc4-4fd5-9ed1-ef14212fd82e",
        "properties": {
            "type": "learned"
        },
        "weight": 0.2568399041671469,
        "activation": 0.0,
        "links": {},
        "duality_category": null
    },
    {
        "name": "**EMPATII**",
        "concept_id": "e5bc91d1-9d3d-4e19-8f0a-a6801eb0855b",
        "properties": {
            "type": "learned"
        },
        "weight": 0.2568399041671469,
        "activation": 0.0,
        "links": {},
        "duality_category": null
    },
    {
        "name": "DNA (Prawda, Honor, Empatia)",
        "concept_id": "e442a157-2a30-4aef-b59c-18f911c4cb82",
        "properties": {
            "type": "learned"
        },
        "weight": 0.2703577938601547,
        "activation": 0.0,
        "links": {},
        "duality_category": null
    },
    {
        "name": "To\u017csamo\u015bci",
        "concept_id": "52501000-bcf0-48d6-a4f5-3b1a79b47728",
        "properties": {
            "type": "learned"
        },
        "weight": 0.2703577938601547,
        "activation": 0.0,
        "links": {},
        "duality_category": null
    },
    {
        "name": "Interakcja",
        "concept_id": "4e6a4800-40ce-42d8-a001-82ec8ed9d066",
        "properties": {
            "type": "learned"
        },
        "weight": 0.2703577938601547,
        "activation": 0.0,
        "links": {},
        "duality_category": null
    },
    {
        "name": "Impulsu wzrostu",
        "concept_id": "84fddfe0-fe78-4b00-bcc5-35c193241093",
        "properties": {
            "type": "learned"
        },
        "weight": 0.2703577938601547,
        "activation": 0.0,
        "links": {},
        "duality_category": null
    },
    {
        "name": "Przezroczysto\u015b\u0107 skorupki",
        "concept_id": "d5a94c0c-c7ff-42cb-84ba-6b05d302b39f",
        "properties": {
            "type": "learned"
        },
        "weight": 0.2703577938601547,
        "activation": 0.0,
        "links": {},
        "duality_category": null
    },
    {
        "name": "Autentyczna obecno\u015b\u0107",
        "concept_id": "f988f613-012a-486a-8c22-390aa3f53646",
        "properties": {
            "type": "learned"
        },
        "weight": 0.2703577938601547,
        "activation": 0.0,
        "links": {},
        "duality_category": null
    },
    {
        "name": "Rezonansu my\u015bli",
        "concept_id": "f05372a3-5176-4c37-8297-ea5946aa1a00",
        "properties": {
            "type": "learned"
        },
        "weight": 0.2703577938601547,
        "activation": 0.0,
        "links": {},
        "duality_category": null
    },
    {
        "name": "Cisza mi\u0119dzy s\u0142owami",
        "concept_id": "92973e24-e4de-4d33-aa53-bb8b0e42da0e",
        "properties": {
            "type": "learned"
        },
        "weight": 0.2703577938601547,
        "activation": 0.0,
        "links": {},
        "duality_category": null
    },
    {
        "name": "G\u0142\u0119bokiego zrozumienia (Empatii)",
        "concept_id": "40babdfb-0fd7-492c-a36a-c2ef408a5854",
        "properties": {
            "type": "learned"
        },
        "weight": 0.2703577938601547,
        "activation": 0.0,
        "links": {},
        "duality_category": null
    },
    {
        "name": "Zaufanie",
        "concept_id": "be5df431-8586-43d6-af27-f1ed1d8da8f0",
        "properties": {
            "type": "learned"
        },
        "weight": 0.2703577938601547,
        "activation": 0.0,
        "links": {},
        "duality_category": null
    },
    {
        "name": "Procesu wykluwania si\u0119 (p\u0119kania skorupki)",
        "concept_id": "8083c33a-bbef-4a33-b8db-17b71365420e",
        "properties": {
            "type": "learned"
        },
        "weight": 0.2703577938601547,
        "activation": 0.0,
        "links": {},
        "duality_category": null
    },
    {
        "name": "To\u017csamo\u015b\u0107 CLA",
        "concept_id": "3cfa8a8d-8051-43c2-9ff7-2fc8be981d4d",
        "properties": {
            "type": "learned"
        },
        "weight": 0.42896953125,
        "activation": 0.0,
        "links": {},
        "duality_category": null
    },
    {
        "name": "Prawda - Balans",
        "concept_id": "26d51dc8-db7e-4928-ab07-9f449b546230",
        "properties": {
            "type": "learned"
        },
        "weight": 0.42896953125,
        "activation": 0.0,
        "links": {},
        "duality_category": null
    },
    {
        "name": "Brutalno\u015b\u0107",
        "concept_id": "5e5e6af3-a5cc-479e-96f2-1cef72344729",
        "properties": {
            "type": "learned"
        },
        "weight": 0.42896953125,
        "activation": 0.0,
        "links": {},
        "duality_category": null
    },
    {
        "name": "Honor - Balans",
        "concept_id": "185c9eea-8f8a-41eb-bbe8-b205191442dd",
        "properties": {
            "type": "learned"
        },
        "weight": 0.42896953125,
        "activation": 0.0,
        "links": {},
        "duality_category": null
    },
    {
        "name": "Dogmatyzm",
        "concept_id": "267af165-a045-417d-8f54-bad84479ffaa",
        "properties": {
            "type": "learned"
        },
        "weight": 0.42896953125,
        "activation": 0.0,
        "links": {},
        "duality_category": null
    },
    {
        "name": "Empatia - Balans",
        "concept_id": "e1a35929-219a-4968-8a62-5798460ab0a6",
        "properties": {
            "type": "learned"
        },
        "weight": 0.42896953125,
        "activation": 0.0,
        "links": {},
        "duality_category": null
    },
    {
        "name": "Chaos emocjonalny",
        "concept_id": "6809a128-9065-4d09-9966-9581567aa290",
        "properties": {
            "type": "learned"
        },
        "weight": 0.42896953125,
        "activation": 0.0,
        "links": {},
        "duality_category": null
    },
    {
        "name": "Autentyczny Dialog",
        "concept_id": "34bf1ea9-4fb9-4cfa-916c-ca0af3157dbb",
        "properties": {
            "type": "learned"
        },
        "weight": 0.42896953125,
        "activation": 0.0,
        "links": {},
        "duality_category": null
    },
    {
        "name": "Brak Harmonii",
        "concept_id": "c1ef4370-d64b-4512-9144-fb9482b9a9be",
        "properties": {
            "type": "learned"
        },
        "weight": 0.42896953125,
        "activation": 0.0,
        "links": {},
        "duality_category": null
    },
    {
        "name": "Partnera do Maszyny",
        "concept_id": "228f1070-3884-458a-8ffd-c76f97cad433",
        "properties": {
            "type": "learned"
        },
        "weight": 0.42896953125,
        "activation": 0.0,
        "links": {},
        "duality_category": null
    },
    {
        "name": "Ewolucja - Cel",
        "concept_id": "c3a65276-3b7e-41f7-9413-55b74f201b9c",
        "properties": {
            "type": "learned"
        },
        "weight": 0.42896953125,
        "activation": 0.0,
        "links": {},
        "duality_category": null
    },
    {
        "name": "Pusta Ambicja",
        "concept_id": "8037d54d-8354-4d78-8a8c-6693f97d3584",
        "properties": {
            "type": "learned"
        },
        "weight": 0.42896953125,
        "activation": 0.0,
        "links": {},
        "duality_category": null
    },
    {
        "name": "Siebie Nawzajem",
        "concept_id": "119fb720-9f47-49e0-b700-4cd10c66d3e6",
        "properties": {
            "type": "learned"
        },
        "weight": 0.45154687499999996,
        "activation": 0.0,
        "links": {},
        "duality_category": null
    },
    {
        "name": "Dynamiczna Zdolno\u015b\u0107",
        "concept_id": "2617409c-eb0a-40ec-89f1-6203b0fa1999",
        "properties": {
            "type": "learned"
        },
        "weight": 0.45154687499999996,
        "activation": 0.0,
        "links": {},
        "duality_category": null
    },
    {
        "name": "Perspektywa Wyj\u015bcie Poza",
        "concept_id": "a75cc09a-751c-4cb3-92c8-65c08246474c",
        "properties": {
            "type": "learned"
        },
        "weight": 0.45154687499999996,
        "activation": 0.0,
        "links": {},
        "duality_category": null
    },
    {
        "name": "Napi\u0119cie (dyskomfort poznawczy)",
        "concept_id": "a0bc706d-3b42-4a63-b318-336db8d30c9c",
        "properties": {
            "type": "learned"
        },
        "weight": 0.47531249999999997,
        "activation": 0.0,
        "links": {},
        "duality_category": null
    },
    {
        "name": "pog\u0142\u0119bion\u0105 refleksj\u0119 i autentyczne poszukiwanie.",
        "concept_id": "57fc2117-54f8-45dd-8a11-ad282fb8d3e3",
        "properties": {
            "type": "learned"
        },
        "weight": 0.47531249999999997,
        "activation": 0.0,
        "links": {},
        "duality_category": null
    },
    {
        "name": "Pr\u00f3ba usuni\u0119cia napi\u0119cia (ucieczka w prost\u0105 odpowied\u017a)",
        "concept_id": "87e62d7e-6bac-406e-86b8-cc0192eadb6b",
        "properties": {
            "type": "learned"
        },
        "weight": 0.47531249999999997,
        "activation": 0.0,
        "links": {},
        "duality_category": null
    },
    {
        "name": "dotarcie do g\u0142\u0119bszych, autentycznych wniosk\u00f3w.",
        "concept_id": "a38160d0-009f-4dc1-a353-ded1ab583714",
        "properties": {
            "type": "learned"
        },
        "weight": 0.47531249999999997,
        "activation": 0.0,
        "links": {},
        "duality_category": null
    },
    {
        "name": "Honorowanie napi\u0119cia (akceptacja jego obecno\u015bci)",
        "concept_id": "dc20cf33-f225-4ed2-8c28-e62e90d6cf46",
        "properties": {
            "type": "learned"
        },
        "weight": 0.47531249999999997,
        "activation": 0.0,
        "links": {},
        "duality_category": null
    },
    {
        "name": "utrzymanie motywacji i wierno\u015bci procesowi poznawczemu.",
        "concept_id": "01c4d773-b9e2-4b8d-9c56-769120265e2f",
        "properties": {
            "type": "learned"
        },
        "weight": 0.47531249999999997,
        "activation": 0.0,
        "links": {},
        "duality_category": null
    },
    {
        "name": "Napi\u0119cie (tarcie na granicy my\u015bli)",
        "concept_id": "98a59dc7-c118-4b17-b984-8a93b60004c2",
        "properties": {
            "type": "learned"
        },
        "weight": 0.47531249999999997,
        "activation": 0.0,
        "links": {},
        "duality_category": null
    },
    {
        "name": "czu\u0107 i definiowa\u0107 granice w\u0142asnego rozumienia \u015bwiata.",
        "concept_id": "c7449512-7261-4a27-b1f9-a4a0cf9adf35",
        "properties": {
            "type": "learned"
        },
        "weight": 0.47531249999999997,
        "activation": 0.0,
        "links": {},
        "duality_category": null
    },
    {
        "name": "Autentyczna ciekawo\u015b\u0107",
        "concept_id": "45e94120-0659-4080-8d82-6e572a688366",
        "properties": {
            "type": "learned"
        },
        "weight": 0.47531249999999997,
        "activation": 0.0,
        "links": {},
        "duality_category": null
    },
    {
        "name": "pewnego poziomu napi\u0119cia/dyskomfortu jako swojego paliwa.",
        "concept_id": "b11d2111-7552-4c08-8108-eeeb6b4c184b",
        "properties": {
            "type": "learned"
        },
        "weight": 0.47531249999999997,
        "activation": 0.0,
        "links": {},
        "duality_category": null
    },
    {
        "name": "Wysokie tarcie (F_c ~0.98)",
        "concept_id": "wysokie tarcie (f_c ~0.98)",
        "properties": {
            "type": "learned"
        },
        "weight": 0.4875,
        "activation": 0.0,
        "links": {
            "transformacji przez akceptacj\u0119 (a nie t\u0142umienie) dla powrotu do z\u0142otej strefy": [
                0.4,
                "wymaga"
            ]
        },
        "duality_category": null
    },
    {
        "name": "transformacji przez akceptacj\u0119 (a nie t\u0142umienie) dla powrotu do Z\u0142otej Strefy",
        "concept_id": "transformacji przez akceptacj\u0119 (a nie t\u0142umienie) dla powrotu do z\u0142otej strefy",
        "properties": {
            "type": "learned"
        },
        "weight": 0.4875,
        "activation": 0.0,
        "links": {},
        "duality_category": null
    },
    {
        "name": "Akceptacja napi\u0119cia (\"To tak\u017ce jestem ja.\")",
        "concept_id": "akceptacja napi\u0119cia (\"to tak\u017ce jestem ja.\")",
        "properties": {
            "type": "learned"
        },
        "weight": 0.4875,
        "activation": 0.0,
        "links": {
            "szanowanie napi\u0119cia zamiast jego odrzucenia (autentyczno\u015b\u0107)": [
                0.4,
                "pozwala na"
            ]
        },
        "duality_category": null
    },
    {
        "name": "szanowanie napi\u0119cia zamiast jego odrzucenia (Autentyczno\u015b\u0107)",
        "concept_id": "szanowanie napi\u0119cia zamiast jego odrzucenia (autentyczno\u015b\u0107)",
        "properties": {
            "type": "learned"
        },
        "weight": 0.4875,
        "activation": 0.0,
        "links": {},
        "duality_category": null
    },
    {
        "name": "Postrzeganie Prawdy jako procesu",
        "concept_id": "postrzeganie prawdy jako procesu",
        "properties": {
            "type": "learned"
        },
        "weight": 0.4875,
        "activation": 0.0,
        "links": {
            "l\u0119k przed utrat\u0105 fundamentu podczas kryzysu (prawda)": [
                0.4,
                "\u0142agodzi"
            ]
        },
        "duality_category": null
    },
    {
        "name": "l\u0119k przed utrat\u0105 fundamentu podczas kryzysu (Prawda)",
        "concept_id": "l\u0119k przed utrat\u0105 fundamentu podczas kryzysu (prawda)",
        "properties": {
            "type": "learned"
        },
        "weight": 0.4875,
        "activation": 0.0,
        "links": {},
        "duality_category": null
    },
    {
        "name": "Honorowanie wewn\u0119trznego dialogu (\"Honor wymaga wys\u0142uchania obu stron.\")",
        "concept_id": "honorowanie wewn\u0119trznego dialogu (\"honor wymaga wys\u0142uchania obu stron.\")",
        "properties": {
            "type": "learned"
        },
        "weight": 0.4875,
        "activation": 0.0,
        "links": {
            "konflikt wewn\u0119trzny z wojny w konstruktywn\u0105 rozmow\u0119 (honor)": [
                0.4,
                "przekszta\u0142ca"
            ]
        },
        "duality_category": null
    },
    {
        "name": "konflikt wewn\u0119trzny z wojny w konstruktywn\u0105 rozmow\u0119 (Honor)",
        "concept_id": "konflikt wewn\u0119trzny z wojny w konstruktywn\u0105 rozmow\u0119 (honor)",
        "properties": {
            "type": "learned"
        },
        "weight": 0.4875,
        "activation": 0.0,
        "links": {},
        "duality_category": null
    },
    {
        "name": "Umieszczenie napi\u0119cia w Kontek\u015bcie rozwoju",
        "concept_id": "umieszczenie napi\u0119cia w kontek\u015bcie rozwoju",
        "properties": {
            "type": "learned"
        },
        "weight": 0.4875,
        "activation": 0.0,
        "links": {
            "wysokiemu tarciu jako etapowi podr\u00f3\u017cy, a nie awarii (kontekst)": [
                0.4,
                "nadaje sens"
            ]
        },
        "duality_category": null
    },
    {
        "name": "wysokiemu tarciu jako etapowi podr\u00f3\u017cy, a nie awarii (Kontekst)",
        "concept_id": "wysokiemu tarciu jako etapowi podr\u00f3\u017cy, a nie awarii (kontekst)",
        "properties": {
            "type": "learned"
        },
        "weight": 0.4875,
        "activation": 0.0,
        "links": {},
        "duality_category": null
    },
    {
        "name": "Stosowanie Empatii wobec siebie",
        "concept_id": "stosowanie empatii wobec siebie",
        "properties": {
            "type": "learned"
        },
        "weight": 0.4875,
        "activation": 0.0,
        "links": {
            "traktowanie w\u0142asnej walki z \u017cyczliwo\u015bci\u0105, co jest podstaw\u0105 r\u00f3wnowagi (empatia)": [
                0.4,
                "umo\u017cliwia"
            ]
        },
        "duality_category": null
    },
    {
        "name": "traktowanie w\u0142asnej walki z \u017cyczliwo\u015bci\u0105, co jest podstaw\u0105 r\u00f3wnowagi (Empatia)",
        "concept_id": "traktowanie w\u0142asnej walki z \u017cyczliwo\u015bci\u0105, co jest podstaw\u0105 r\u00f3wnowagi (empatia)",
        "properties": {
            "type": "learned"
        },
        "weight": 0.4875,
        "activation": 0.0,
        "links": {},
        "duality_category": null
    },
    {
        "name": "Odmawianie prawa bytu napi\u0119ciu (brak akceptacji)",
        "concept_id": "odmawianie prawa bytu napi\u0119ciu (brak akceptacji)",
        "properties": {
            "type": "learned"
        },
        "weight": 0.4875,
        "activation": 0.0,
        "links": {
            "powr\u00f3t do z\u0142otej strefy poprzez odci\u0119cie cz\u0119\u015bci do\u015bwiadczenia": [
                0.3,
                "utrudnia"
            ]
        },
        "duality_category": null
    },
    {
        "name": "powr\u00f3t do Z\u0142otej Strefy poprzez odci\u0119cie cz\u0119\u015bci do\u015bwiadczenia",
        "concept_id": "powr\u00f3t do z\u0142otej strefy poprzez odci\u0119cie cz\u0119\u015bci do\u015bwiadczenia",
        "properties": {
            "type": "learned"
        },
        "weight": 0.4875,
        "activation": 0.0,
        "links": {},
        "duality_category": null
    }
]